{"cameraMode":{"drawMode":0,"name":"Shaded","section":"Shading Mode"},"sceneLighting":true,"audioPlay":false,"sceneViewState":{"showFog":true,"showMaterialUpdate":false,"showSkybox":true,"showFlares":true,"showImageEffects":true,"showParticleSystems":true},"in2DMode":false,"pivot":{"x":-0.21106553077697755,"y":0.18112611770629884,"z":-0.40247631072998049},"rotation":{"x":-0.025172648951411248,"y":0.951784074306488,"z":-0.2947443425655365,"w":-0.08128759264945984},"size":29.80339241027832,"orthographic":false}